Date,Show,Start Time,End Time,Notes,Gross Pay,Net Pay,Hours,Min Pay Type
2026-01-19,"Dreamland",07:00,09:30,"",551,436,2.5,
2026-01-21,"Memories of a Killer",07:30,13:50,"",454,375,6.333333333333333,
2026-01-28,"Boston Blue",07:00,11:40,"",,,4.666666666666667,
2026-01-29,"Boston Blue",07:00,12:00,"",668.32,518.44,5,
2026-02-02,"Snowflakes",06:30,08:30,"",,,2,8hr
2026-02-03,"Dreamland",07:00,10:30,"",,,3.5,10hr
2026-02-04,"Sheriff Country",08:30,11:00,"",,,2.5,12hr
2026-02-05,"Sheriff Country",07:30,13:10,"",,,5.666666666666667,12hr
